{
  "Hello Request" : {
    "transaction" : "Hello Request",
    "sampleCount" : 50,
    "errorCount" : 0,
    "errorPct" : 0.0,
    "meanResTime" : 8.239999999999998,
    "medianResTime" : 7.0,
    "minResTime" : 4.0,
    "maxResTime" : 43.0,
    "pct1ResTime" : 11.0,
    "pct2ResTime" : 18.24999999999998,
    "pct3ResTime" : 43.0,
    "throughput" : 11.223344556677889,
    "receivedKBytesPerSec" : 1.6878858024691357,
    "sentKBytesPerSec" : 1.4248386644219977
  },
  "Total" : {
    "transaction" : "Total",
    "sampleCount" : 50,
    "errorCount" : 0,
    "errorPct" : 0.0,
    "meanResTime" : 8.239999999999998,
    "medianResTime" : 7.0,
    "minResTime" : 4.0,
    "maxResTime" : 43.0,
    "pct1ResTime" : 11.0,
    "pct2ResTime" : 18.24999999999998,
    "pct3ResTime" : 43.0,
    "throughput" : 11.223344556677889,
    "receivedKBytesPerSec" : 1.6878858024691357,
    "sentKBytesPerSec" : 1.4248386644219977
  }
}