{
  "Total" : {
    "transaction" : "Total",
    "sampleCount" : 2000,
    "errorCount" : 0,
    "errorPct" : 0.0,
    "meanResTime" : 3.848000000000004,
    "medianResTime" : 4.0,
    "minResTime" : 2.0,
    "maxResTime" : 39.0,
    "pct1ResTime" : 5.0,
    "pct2ResTime" : 5.0,
    "pct3ResTime" : 6.0,
    "throughput" : 396.9829297340214,
    "receivedKBytesPerSec" : 56.21340313616514,
    "sentKBytesPerSec" : 51.56125942834458
  },
  "Unstable Request" : {
    "transaction" : "Unstable Request",
    "sampleCount" : 2000,
    "errorCount" : 0,
    "errorPct" : 0.0,
    "meanResTime" : 3.848000000000004,
    "medianResTime" : 4.0,
    "minResTime" : 2.0,
    "maxResTime" : 39.0,
    "pct1ResTime" : 5.0,
    "pct2ResTime" : 5.0,
    "pct3ResTime" : 6.0,
    "throughput" : 396.9829297340214,
    "receivedKBytesPerSec" : 56.21340313616514,
    "sentKBytesPerSec" : 51.56125942834458
  }
}