{
  "Hello Request" : {
    "transaction" : "Hello Request",
    "sampleCount" : 500,
    "errorCount" : 0,
    "errorPct" : 0.0,
    "meanResTime" : 394.2420000000001,
    "medianResTime" : 5.0,
    "minResTime" : 3.0,
    "maxResTime" : 65145.0,
    "pct1ResTime" : 7.0,
    "pct2ResTime" : 8.0,
    "pct3ResTime" : 20.940000000000055,
    "throughput" : 7.537839956582042,
    "receivedKBytesPerSec" : 1.1336204622203463,
    "sentKBytesPerSec" : 0.9569523382379547
  },
  "Total" : {
    "transaction" : "Total",
    "sampleCount" : 500,
    "errorCount" : 0,
    "errorPct" : 0.0,
    "meanResTime" : 394.2420000000001,
    "medianResTime" : 5.0,
    "minResTime" : 3.0,
    "maxResTime" : 65145.0,
    "pct1ResTime" : 7.0,
    "pct2ResTime" : 8.0,
    "pct3ResTime" : 20.940000000000055,
    "throughput" : 7.537839956582042,
    "receivedKBytesPerSec" : 1.1336204622203463,
    "sentKBytesPerSec" : 0.9569523382379547
  }
}